{"cameraMode":{"drawMode":0,"name":"Shaded","section":"Shading Mode"},"sceneLighting":true,"audioPlay":false,"sceneViewState":{"showFog":true,"showMaterialUpdate":false,"showSkybox":true,"showFlares":true,"showImageEffects":true,"showParticleSystems":true},"in2DMode":false,"pivot":{"x":-2.1100552082061769,"y":-2.825026035308838,"z":-0.08909809589385987},"rotation":{"x":0.09428461641073227,"y":0.9028165340423584,"z":-0.25599753856658938,"w":0.3324124813079834},"size":42.502498626708987,"orthographic":false}