{"cameraMode":{"drawMode":0,"name":"Shaded","section":"Shading Mode"},"sceneLighting":true,"audioPlay":false,"sceneViewState":{"showFog":true,"showMaterialUpdate":false,"showSkybox":true,"showFlares":true,"showImageEffects":true,"showParticleSystems":true},"in2DMode":false,"pivot":{"x":65.7498779296875,"y":-26.759654998779298,"z":242.28016662597657},"rotation":{"x":-0.4460028111934662,"y":0.007236602250486612,"z":-0.003630947321653366,"w":-0.8949949741363525},"size":70.69998931884766,"orthographic":false}