{"cameraMode":{"drawMode":0,"name":"Shaded","section":"Shading Mode"},"sceneLighting":true,"audioPlay":false,"sceneViewState":{"showFog":true,"showMaterialUpdate":false,"showSkybox":true,"showFlares":true,"showImageEffects":true,"showParticleSystems":true},"in2DMode":false,"pivot":{"x":0.23391380906105042,"y":0.6041741967201233,"z":0.6719219088554382},"rotation":{"x":-0.37834951281547549,"y":-0.057707611471414569,"z":0.02364029735326767,"w":-0.9235597848892212},"size":20.22369956970215,"orthographic":false}