{"cameraMode":{"drawMode":0,"name":"Shaded","section":"Shading Mode"},"sceneLighting":true,"audioPlay":false,"sceneViewState":{"showFog":true,"showMaterialUpdate":false,"showSkybox":true,"showFlares":true,"showImageEffects":true,"showParticleSystems":true},"in2DMode":false,"pivot":{"x":-34.35191345214844,"y":3.6330814361572267,"z":-116.91000366210938},"rotation":{"x":-0.0467274934053421,"y":0.9209340214729309,"z":-0.36890164017677309,"w":-0.11665645241737366},"size":296.81890869140627,"orthographic":false}