{"cameraMode":{"drawMode":0,"name":"Shaded","section":"Shading Mode"},"sceneLighting":true,"audioPlay":false,"sceneViewState":{"showFog":true,"showMaterialUpdate":false,"showSkybox":true,"showFlares":true,"showImageEffects":true,"showParticleSystems":true},"in2DMode":false,"pivot":{"x":54.19745635986328,"y":1.4599659442901612,"z":462.00787353515627},"rotation":{"x":0.10841269791126251,"y":-0.8665151596069336,"z":0.21480821073055268,"w":0.4373278021812439},"size":407.0678405761719,"orthographic":true}