{"cameraMode":{"drawMode":0,"name":"Shaded","section":"Shading Mode"},"sceneLighting":true,"audioPlay":false,"sceneViewState":{"showFog":true,"showMaterialUpdate":false,"showSkybox":true,"showFlares":true,"showImageEffects":true,"showParticleSystems":true},"in2DMode":false,"pivot":{"x":7.151487350463867,"y":0.07581775635480881,"z":46.439971923828128},"rotation":{"x":-0.1500386893749237,"y":0.29382604360580447,"z":-0.04675717651844025,"w":-0.9428513050079346},"size":64.15576934814453,"orthographic":false}